,roa,pb,pe,ps,currentratio,Close,Volume,Momentum_10,12d_EMA,26d_EMA,dif,dea,MACD,RSI_7,RSI_15,K_9,D_9,J_9,OBV,VR_10,VR_30,Yesterday_Return,Daily_Return
2019-06-30,0.033,2.062,14.566,0.793,1.606,49.31,4621856.0,-1.970000000000006,49.93705771353974,50.35460689083223,-0.41754917729249286,-0.5052635086437134,0.17542866270244106,63.94849785407723,49.26971762414797,45.45429424128588,39.31352047035681,57.73584178314401,36558673.0,0.5305509179700004,0.8418317480902702,0.017237882782396907,-0.03142801021410324
2019-07-01,0.033,2.062,14.566,0.793,1.606,50.16,4726195.0,-1.8399999999999963,49.971356731784574,50.3401348084286,-0.36877807664402695,-0.477966419369057,0.21837668545006006,57.86407766990295,41.444539982803114,51.49415721469582,43.37373271847067,67.73500620714613,30051788.0,0.492857180710784,0.8131418164533267,-0.015151515151515138,0.017237882782396907
2019-07-02,0.033,2.062,14.566,0.793,1.606,49.4,2479359.0,0.8099999999999952,49.88345525170142,50.270241386833725,-0.3867861351323043,-0.45973036098532155,0.14588845170603448,61.04129263913825,43.99671052631578,46.815119700976375,44.5208617126394,51.40363567765033,34673644.0,0.7368430210588772,0.9183929134645761,-0.001417004048583026,-0.015151515151515138
2019-07-03,0.033,2.062,14.566,0.793,1.606,49.33,2529782.0,-0.21000000000000085,49.79830792563268,50.20035890779078,-0.40205098215810153,-0.44819448444236093,0.0922870045685188,59.0277777777778,39.43999999999998,42.89392859790138,43.97855067439334,40.72468444491746,29947449.0,0.7438375572474405,0.9236146292847669,-0.0004054327995134388,-0.001417004048583026
2019-07-05,0.033,2.062,14.566,0.793,1.606,49.31,5936049.0,0.8299999999999983,49.72318335743595,50.13420042615051,-0.4110170687145569,-0.4407590008958796,0.05948386436264541,47.28850325379609,36.96369636963693,39.97526274342835,42.6441213640716,34.63754550214186,27468090.0,0.8231806973514655,0.8331759306093153,-0.016021091056580783,-0.0004054327995134388
2019-07-08,0.033,2.062,14.566,0.793,1.606,48.52,4967429.0,0.38000000000000256,49.53807765854096,50.01428434600161,-0.4762066874606461,-0.4478485385146466,-0.056716297891998946,45.79646017699118,34.80851063829785,28.237476749586733,37.84190649257645,9.028617263607302,24938308.0,1.0823527154287425,0.8984958553599568,-0.013396537510305118,-0.016021091056580783
2019-07-09,0.033,2.062,14.566,0.793,1.606,47.87,3506685.0,0.1600000000000037,49.28144966133367,49.85502337921819,-0.5735737178845213,-0.4729935752563449,-0.20116028525635277,28.791208791208682,37.835337650323766,22.14039668610423,32.608069890418896,1.2050502774748963,19002259.0,1.277489596146024,0.8868205676944726,-0.0066847712554836125,-0.013396537510305118
2019-07-10,0.033,2.062,14.566,0.793,1.606,47.55,4202070.0,-1.7100000000000009,49.015072206180946,49.68385788435443,-0.6687856781734851,-0.5121519969208189,-0.3132673625053324,17.93248945147672,42.339544513457525,15.210714907853118,26.808951562896866,-7.985758402234374,14034830.0,0.8327293677501432,0.8641985401426404,0.004837013669821255,-0.0066847712554836125
2019-07-11,0.033,2.062,14.566,0.793,1.606,47.78,4328056.0,-2.1400000000000006,48.825060744941965,49.542507915555724,-0.7174471706137595,-0.55321103256622,-0.3284722760950791,24.566473988439185,39.40329218106993,15.115600983344873,22.911168036379486,-0.4755331227243573,10528145.0,0.5864741463112126,0.8989745625473581,0.040393470071159454,0.004837013669821255
2019-07-12,0.033,2.062,14.566,0.793,1.606,49.71,4923844.0,-2.6700000000000017,48.961205459490444,49.554941080597885,-0.5937356211074416,-0.5613159504176658,-0.06483934137955161,8.098591549295906,45.92760180995475,38.002012134592114,27.941449402450402,58.12313759887553,14730215.0,0.5494105061828917,0.9077340625770545,0.02454234560450619,0.040393470071159454
2019-07-15,0.033,2.062,14.566,0.793,1.606,50.93,6011164.0,-1.1999999999999957,49.26409732968487,49.656997520890656,-0.3929001912057828,-0.5276327980991854,0.2694652137868052,53.86533665835414,53.77176015473889,58.491173430134886,38.124690745011954,99.22413880038074,19058271.0,0.5576213751487149,0.9148645391833458,0.027292362065580278,0.02454234560450619
2019-07-16,0.033,2.062,14.566,0.793,1.606,52.32,4417467.0,1.6199999999999974,49.73423673057385,49.854615951427576,-0.12037922085372799,-0.44618208172906376,0.6516057217506716,65.50387596899225,61.69244767970884,70.34743211779033,48.86560453593812,113.31108728149476,23982115.0,0.9532696972300294,1.0236824262251367,-0.013761467889908285,0.027292362065580278
2019-07-17,0.033,2.062,14.566,0.793,1.606,51.6,3662569.0,2.1600000000000037,50.021277506610005,49.98412148819726,0.03715601841274463,-0.349514460826222,0.7733409584779333,73.04747320061252,62.27598566308246,73.85970031974007,57.19696979720546,107.1851613648093,29993279.0,1.0175427444761607,1.0251205123577334,0.0029069767441860517,-0.013761467889908285
2019-07-18,0.033,2.062,14.566,0.793,1.606,51.75,3221467.0,2.200000000000003,50.2872350273556,50.115131340683085,0.1721036866725143,-0.2451908305714841,0.8345890344879968,73.83900928792565,58.113848768054396,77.11619250780804,63.836710700739665,103.6751561219448,25575812.0,1.032286448357391,0.8771846650559844,-0.004444444444444362,0.0029069767441860517
2019-07-19,0.033,2.062,14.566,0.793,1.606,51.52,2814869.0,2.4200000000000017,50.476891306162855,50.219345968682795,0.25754533748006025,-0.14464359637904656,0.8043778677182136,82.55033557046981,55.82437275985662,77.88421788458663,68.51921309535533,96.61422746304925,29238381.0,1.3627570225248744,1.0065396366892025,-0.012422360248447228,-0.004444444444444362
2019-07-22,0.033,2.062,14.566,0.793,1.606,50.88,4387686.0,2.210000000000001,50.53890806403141,50.26834873444146,0.27055932958995044,-0.06160301080062947,0.6643246807811598,83.81601362862017,52.790484903934164,74.49231990778372,70.51024869949813,82.4564623243549,26016914.0,1.0489183752060232,0.8803103310095695,0.034198113207547065,-0.012422360248447228
2019-07-23,0.033,2.062,14.566,0.793,1.606,52.62,3516493.0,2.3599999999999994,50.85907621030458,50.44276075473232,0.4163154555722599,0.03398068282811911,0.7646695454882816,74.68152866242042,57.87362086258777,81.36317830682086,74.12789190193905,95.83375111658447,23202045.0,1.2218831580886582,0.7792200196053912,0.003230710756366495,0.034198113207547065
2019-07-24,0.033,2.062,14.566,0.793,1.606,52.79,4254042.0,4.75,51.15614153129182,50.61682959323794,0.5393119380538849,0.13504693417286068,0.8085300077620484,73.89162561576356,61.32596685082874,86.21767895268029,78.1578209188528,102.33739502033526,27589731.0,1.9709475055599777,0.8982998535220131,-0.03826482288312172,0.003230710756366495
2019-07-25,0.033,2.107,15.129,0.696,1.606,50.77,5066013.0,5.240000000000002,51.09673512112158,50.628187588211766,0.46854753290981677,0.20174705407842602,0.5336009576627815,68.45238095238098,66.50438169425512,68.58956374623135,74.96840186131232,55.8318875160694,31106224.0,2.9684777874616537,0.8758178628179328,-0.0326964742958441,-0.03826482288312172
2019-07-26,0.033,2.107,15.129,0.696,1.606,49.11,4219839.0,2.990000000000002,50.79108347373033,50.51561876924725,0.2754647044830847,0.21649058418732825,0.11794824059151288,36.33156966490299,55.89198036006549,47.28247738692244,65.73976036984902,10.367911421069266,26852182.0,1.8241837604353324,0.7867297133428459,-0.021584198737528038,-0.0326964742958441
2019-07-29,0.033,2.107,15.129,0.696,1.606,48.05,4193865.0,-0.6000000000000014,50.36937821851166,50.33281422062334,0.03656399788832232,0.1805052668729118,-0.28788253796917895,31.164901664145194,49.27849927849927,31.987386787555746,54.488969175751265,-13.015777988835296,21786169.0,1.1379547683613385,0.6868264157085296,0.007284079084287187,-0.021584198737528038
2019-07-30,0.033,2.107,15.129,0.696,1.606,48.4,5188502.0,-2.8800000000000026,50.06639689004053,50.18952222766264,-0.1231253376221133,0.11977914590017509,-0.48580896704457677,25.398936170212732,48.33687190375087,25.291655171230364,44.756531174244294,-13.638096834797494,17566330.0,0.7326054004933046,0.6843115176563694,0.0008264462809917106,0.007284079084287187
2019-07-31,0.033,2.107,15.129,0.696,1.606,48.44,5802557.0,-3.9200000000000017,49.81618193909868,50.05982694355411,-0.24364500445542348,0.04709431575845412,-0.5814786404277552,29.581151832460705,51.91612436731743,21.083752199886117,36.86560484945824,-10.479953099258125,21760195.0,0.6568647174297483,0.7912563869999798,-0.03282411230388105,0.0008264462809917106
2019-08-01,0.033,2.107,15.129,0.696,1.606,46.85,5346434.0,-3.1600000000000037,49.35984618705347,49.821890340925016,-0.4620441538715454,-0.05473337824667276,-0.8146215512497453,32.67045454545451,53.284132841328415,14.431572856821555,29.387594185246012,-15.480469800027358,26948697.0,0.6364136304806367,0.7894519361176965,-0.026680896478121663,-0.03282411230388105
2019-08-02,0.033,2.107,15.129,0.696,1.606,45.6,5146079.0,-4.899999999999999,48.78140823800081,49.50894869405486,-0.7275404560540508,-0.18929479389179898,-1.0764913243245036,8.127721335268538,46.881287726358146,10.627172805685078,23.13412039205903,-14.38672236706283,21146140.0,0.39578400295819494,0.7853567286847782,-0.01820175438596483,-0.026680896478121663
2019-08-05,0.033,2.107,15.129,0.696,1.606,44.77,4702145.0,-5.920000000000002,48.16426844216322,49.157698219159315,-0.9934297769960949,-0.35012179059264115,-1.2866159728069075,4.893350062735266,35.55867884750526,9.700626414552394,18.656289066223486,-8.210698888789793,15799706.0,0.37005840159822556,0.7740887733549309,-0.00759437123073492,-0.01820175438596483
2019-08-06,0.033,2.107,15.129,0.696,1.606,44.43,4490076.0,-6.109999999999999,47.589765552199225,48.807297691229756,-1.2175321390305314,-0.5236038603492404,-1.3878565573625818,5.752212389380539,27.74566473988439,9.273464248102565,15.528680793516513,-3.2369688427253287,10653627.0,0.3454268061304955,0.8196547790144904,0.010353364843574075,-0.00759437123073492
2019-08-07,0.033,2.107,15.129,0.696,1.606,44.89,4572851.0,-8.189999999999998,47.17441697346315,48.51697355059297,-1.3425565771298196,-0.6873944037574886,-1.310324346744662,7.142857142857152,19.155590304925703,12.046742095840917,14.36803456095798,7.40415716560679,5951482.0,0.19409035647053988,0.7116565683315229,0.042325685007796876,0.010353364843574075
2019-08-08,0.033,2.107,15.129,0.696,1.606,46.79,4472721.0,-7.899999999999999,47.11527589673783,48.38898674717804,-1.2737108504402102,-0.8046576931238916,-0.9381063146326372,17.48971193415641,23.22426177174779,25.912343720903014,18.21613761427299,41.30475593416306,10441558.0,0.21859804749132744,0.7178487205233643,-0.0032058132079504364,0.042325685007796876
2019-08-09,0.033,2.107,15.129,0.696,1.606,46.64,5320263.0,-3.980000000000004,47.04215652394481,48.25937325169361,-1.2172167277487986,-0.8871695000656808,-0.6600944553662356,37.44149765990639,32.633053221288506,34.27811501206236,23.570130080202784,55.694084875781506,15014409.0,0.3737300709759977,0.7092723768440393,-0.020368782161235055,-0.0032058132079504364
2019-08-12,0.033,2.107,15.129,0.696,1.606,45.69,5411933.0,-2.469999999999999,46.83413243355437,48.068969162025,-1.2348367284706256,-0.9567029457580012,-0.5562675654252489,36.19631901840492,32.81690140845069,34.29486274435997,27.145040968255177,48.594506296569556,10541688.0,0.5831010950761762,0.7140688817003128,0.025388487634055767,-0.020368782161235055
2019-08-13,0.033,2.107,15.129,0.696,1.606,46.85,6176742.0,-2.3599999999999994,46.83657359772008,47.97863994495525,-1.1420663472351649,-0.993775626058267,-0.2965814423537958,40.13605442176868,32.115782219159186,44.20616748904573,32.83208314185203,66.95433618343314,5221425.0,0.5627348522407493,0.7250566987960925,-0.05912486659551763,0.025388487634055767
2019-08-14,0.033,2.107,15.129,0.696,1.606,44.08,3494579.0,-1.5499999999999972,46.41248533763668,47.68974754770772,-1.2772622100710365,-1.050472942866734,-0.45357853440860474,60.794473229706384,29.28930366116298,32.32792118317334,32.6640291556258,31.65570523826841,10633358.0,0.6013963380920067,0.7353020850804445,-0.01588021778584381,-0.05912486659551763
2019-08-15,0.033,2.107,15.129,0.696,1.606,43.38,4586010.0,-4.359999999999999,45.945949118553635,47.37040028168665,-1.4244511631330141,-1.1252685869262309,-0.5983651524135665,45.53686934023283,23.653962492438,24.46861412211557,29.93222414445572,13.541394077435278,4456616.0,0.5831061955018462,0.7217263521352083,0.026048870447210604,-0.01588021778584381
2019-08-16,0.033,2.107,15.129,0.696,1.606,44.51,3615483.0,-3.469999999999999,45.72503386421933,47.158453205123855,-1.4334193409045284,-1.1868987377260043,-0.4930412063570482,43.51050679851671,25.706771860618026,27.935655907729664,29.266701398880368,25.273564925428254,962037.0,0.627689296335728,0.7125192606828141,0.024488878903617284,0.026048870447210604
2019-08-19,0.033,2.107,15.129,0.696,1.606,45.6,5973047.0,-1.0900000000000034,45.70579788471625,47.04297914690206,-1.3371812621858155,-1.2169552426195713,-0.24045203913248825,47.83105022831049,34.33242506811989,37.52824622305559,32.020549673605444,48.54363932195588,5548047.0,0.9474143680981754,0.7383573858642248,-0.05350877192982462,0.024488878903617284
2019-08-20,0.033,2.107,15.129,0.696,1.606,43.16,4397780.0,0.8299999999999983,45.314136664922316,46.75527474786771,-1.4411380829453933,-1.2617918106866512,-0.358692544517484,42.51572327044027,41.672331747110825,27.624041236212037,30.555046861140976,21.762029986354158,9163530.0,1.3785644150988368,0.8469648467640324,0.002780352177942591,-0.05350877192982462
2019-08-21,0.033,2.107,15.129,0.696,1.606,43.28,6072503.0,-1.2700000000000031,45.00119255805575,46.497783748096616,-1.496591190040867,-1.3087516865590991,-0.37567900696353584,33.00781249999999,34.404761904761905,21.822841118062524,27.644311613448156,10.179900127291255,3190483.0,1.2949941260592661,0.8355554058212157,-0.028419593345656247,0.002780352177942591
2019-08-22,0.033,2.107,15.129,0.696,1.606,42.05,6716094.0,-1.6099999999999994,44.54716292812821,46.16824334430268,-1.6210804161744718,-1.3712174324838815,-0.4997259673811807,37.194473963868255,34.71563981042656,14.722776773249544,23.337133333381953,-2.505936347015272,7588263.0,0.8934086747509927,0.82569915407789,-0.03186682520808548,-0.028419593345656247
2019-08-23,0.033,2.107,15.129,0.696,1.606,40.71,3404412.0,-4.740000000000002,43.95683016378125,45.76384386998762,-1.8070137062063694,-1.4583766872302855,-0.6972740379521678,24.683544303797476,35.47215496368039,11.044692712221021,19.23965312632831,-5.345228115993557,1515760.0,0.5753522023314586,0.7127762051780908,0.0027020388111029803,-0.03186682520808548
2019-08-26,0.033,2.107,15.129,0.696,1.606,40.82,4153371.0,-5.93,43.47424090354465,45.39756179970101,-1.923320896156362,-1.5513655290171278,-0.7439107342784683,29.068322981366485,35.27995183624324,9.581458889291554,16.02025504731606,-3.296133426757457,-5200334.0,0.3568300475835396,0.6095826758305309,0.008574228319451205,0.0027020388111029803
2019-08-27,0.033,2.107,15.129,0.696,1.606,41.17,4641840.0,-4.869999999999997,43.11974230034508,45.084352531429545,-1.964610231084464,-1.6340144694317518,-0.6611915233054244,32.84182305630027,37.57079924480806,10.874369600888004,14.304959898506707,4.013189005650599,-1795922.0,0.3756966197221113,0.533285436587807,0.03279086713626422,0.008574228319451205
2019-08-28,0.033,2.107,15.129,0.696,1.606,42.52,3296507.0,-5.68,43.02747425355359,44.894368735596615,-1.8668944820430227,-1.6805904719545275,-0.37260802017699035,25.000000000000078,39.74842767295599,20.033688103828624,16.21453596694735,27.671992377591174,2357449.0,0.20306491486889544,0.4474970305263301,-0.0035277516462842717,0.03279086713626422
2019-08-29,0.033,2.107,15.129,0.696,1.606,42.37,4105361.0,-1.5599999999999952,42.92632436784926,44.70734951358139,-1.78102514573213,-1.7006774067102282,-0.16069547804380369,27.80979827089342,42.942227516378814,25.217969547062008,19.215680493652233,37.222547653881556,6999289.0,0.37540668002541583,0.5198550710282889,0.006136417276374928,-0.0035277516462842717
2019-08-30,0.033,2.107,15.129,0.696,1.606,42.63,3360300.0,-1.0100000000000051,42.880736003357974,44.55344971688017,-1.6727137135221994,-1.6950846680725824,0.04474190910076592,41.50537634408605,35.3058510638298,31.988694874756543,23.473351954020334,49.01938071622896,3702782.0,0.5254331879848321,0.5158531135935517,-0.019469856908280625,0.006136417276374928
2019-09-03,0.033,2.107,15.129,0.696,1.606,41.8,2654555.0,-1.8799999999999955,42.71446892528012,44.349463411265354,-1.6349944859852314,-1.6830666316550436,0.09614429133962421,43.21503131524012,36.7656765676568,33.25624906312609,26.734317657055584,46.300111875267106,7808143.0,0.33179144053936516,0.5109160632029804,0.017703349282296665,-0.019469856908280625
2019-09-04,0.033,2.107,15.129,0.696,1.606,42.54,4044431.0,-3.8000000000000043,42.68762755207293,44.215412614641174,-1.5277850625682419,-1.6520103178375407,0.24845051053859768,47.15261958997723,37.0592149035263,42.40204658158311,31.956893965231426,63.29235181428647,4447843.0,0.20790337174253123,0.5079163939856531,0.01927597555242122,0.017703349282296665
2019-09-05,0.033,2.107,15.129,0.696,1.606,43.36,3217871.0,-0.6199999999999974,42.79106946742289,44.15204150804259,-1.3609720406197,-1.5938026623937591,0.46566124354811844,74.14248021108165,35.24982888432582,55.84121330179195,39.91833374408494,87.68697241720598,7102398.0,0.22769221511378834,0.4478881282325884,-0.0027675276752766598,0.01927597555242122
2019-09-06,0.033,2.107,15.129,0.696,1.606,43.24,3639259.0,0.0799999999999983,42.860135703364584,44.08447576077271,-1.2243400574081278,-1.519910141396416,0.5911401679765764,78.22222222222209,47.15639810426541,63.318745375797846,47.71847095465591,94.51929421808171,11146829.0,0.3933087240858808,0.45341311499984227,0.027983348751156267,-0.0027675276752766598
2019-09-09,0.033,2.107,15.129,0.696,1.606,44.45,4702818.0,1.1900000000000048,43.10473021102051,44.11155427137985,-1.0068240603593424,-1.41729292518876,0.8209377296588354,74.23887587822004,49.420529801324506,74.01763228295766,56.48485806408983,109.08318072069333,7928958.0,0.4339705064080194,0.4583837163553904,0.042069741282339645,0.027983348751156267
2019-09-10,0.033,2.107,15.129,0.696,1.606,46.32,4444423.0,3.740000000000002,43.599387102456255,44.2751576185396,-0.6757705160833467,-1.2689884433673988,1.1864358545681042,73.36561743341395,49.753289473684234,82.38133298958915,65.1170163725896,116.90996622358824,11568217.0,0.747613619342004,0.5250273681764769,0.012089810017271274,0.042069741282339645
2019-09-11,0.033,2.107,15.129,0.696,1.606,46.88,3649669.0,5.5,44.104096779712435,44.468125041681525,-0.36402826196908933,-1.0879964070874648,1.447936290236751,83.76068376068375,52.78207109737247,87.29377001565832,72.50926758694584,116.86277487308331,16271035.0,1.1619874683974314,0.6061975937726641,0.0019197952218428238,0.012089810017271274
2019-09-12,0.033,2.107,15.129,0.696,1.606,46.97,4027252.0,5.710000000000001,44.54500496797454,44.65346346239159,-0.10845849441705013,-0.8920888245531463,1.5672606602721924,84.55284552845525,66.81735985533453,90.3150519751188,78.44452904967017,114.05609782601607,20715458.0,1.8570337710347817,0.609137290727802,0.026186927826272077,0.0019197952218428238
2019-09-13,0.033,2.107,15.129,0.696,1.606,48.2,5040105.0,4.449999999999996,45.107311896545596,44.91618870717283,0.1911231893727674,-0.6754464217677552,1.733139222281045,97.78188539741225,66.7271078875793,92.44597429342627,83.11167746425554,111.11456795176775,24365127.0,1.1848202905669236,0.6203371763835875,0.016804979253111973,0.026186927826272077
2019-09-16,0.033,2.107,15.129,0.696,1.606,49.01,4921408.0,5.830000000000005,45.70772545143561,45.21945411857118,0.4882713328644286,-0.44270287084113935,1.8619484074111359,97.9661016949153,77.87851314596553,90.98694309188647,85.73676600679919,101.48729726206105,28392379.0,1.2278362721951033,0.7182531583636432,-0.02060803917567844,0.016804979253111973
2019-09-17,0.033,2.107,15.129,0.696,1.606,48.0,2592233.0,6.3799999999999955,46.06038307454634,45.425433140044625,0.6349499345017122,-0.22717230977243638,1.7242444885482973,97.9626485568761,89.52380952380946,84.97490195196805,85.48281132185548,83.9590832121932,33432484.0,2.010362824614522,0.840663057575852,-0.010208333333333375,-0.02060803917567844
2019-09-18,0.033,2.107,15.129,0.696,1.606,47.51,2536357.0,6.200000000000003,46.28340106321394,45.5798542880369,0.7035467751770383,-0.04102849278244981,1.4891505359189763,85.10324483775813,81.49122807017541,78.73554483500966,83.23372249290686,69.73918951921527,28511076.0,1.7930752671287569,0.843274677440988,0.0027362660492529223,-0.010208333333333375
2019-09-19,0.033,2.107,15.129,0.696,1.606,47.64,10589641.0,4.969999999999999,46.492108592058166,45.732465715780194,0.7596428762779723,0.11910578102969765,1.2810741904965495,75.24752475247523,77.46967071057188,74.21655369953027,80.22799956178133,62.193661975028135,25918843.0,1.800845702449611,0.8686162327324918,0.011964735516372782,0.0027362660492529223
2019-09-20,0.033,2.107,15.129,0.696,1.606,48.21,3606911.0,4.280000000000001,46.756399578011,45.91599572839728,0.8404038496137218,0.26336539474654785,1.154076909734348,65.27777777777779,74.80620155038756,71.46488195353301,77.30696035903189,59.78072514253526,28455200.0,1.291787079183744,0.7766091571771553,-0.0062227753578096845,0.011964735516372782
2019-09-23,0.033,2.107,15.129,0.696,1.606,47.91,4523839.0,4.969999999999999,46.93387656607501,46.06370642155591,0.8701701445190935,0.3847263447010876,0.9708875996360118,65.35796766743648,77.18808193668528,65.33032946562064,73.31475006122814,49.361488274405616,39044841.0,2.3681961028687777,0.8593181023236224,-0.02734293466917126,-0.0062227753578096845
2019-09-24,0.033,2.107,15.129,0.696,1.606,46.6,4415701.0,3.4599999999999937,46.88251094050892,46.103433533596764,0.7790774069121582,0.46359655714331766,0.6309616995376811,60.35242290748894,74.48979591836729,51.338889333845366,65.98946315210056,22.03774169733498,35437930.0,2.36583487759228,0.8474163687086446,0.023175965665235942,-0.02734293466917126
2019-09-25,0.033,2.107,15.129,0.696,1.606,47.68,2998577.0,0.28000000000000114,47.005201565078536,46.220220758155776,0.7849808069227606,0.5278734070992166,0.514214799647088,32.68398268398266,71.31438721136769,48.53527278997466,60.17139969805859,25.263018973806794,30914091.0,1.5204720760099621,0.8567965160197576,-0.009437919463087363,0.023175965665235942
2019-09-26,0.033,2.107,15.129,0.696,1.606,47.23,3725668.0,0.7999999999999972,47.039785939689594,46.29502190307042,0.7447640366191735,0.5712515330032136,0.34702500723191965,36.40081799591004,72.15517241379311,42.944110726815175,54.428970040977454,19.97439209849061,35329792.0,1.518895979730794,0.8429503683530984,-0.0033876773237347946,-0.009437919463087363
2019-09-27,0.033,2.107,15.129,0.696,1.606,47.07,2568066.0,0.259999999999998,47.044434256661305,46.35242959430885,0.6920046623524527,0.5954021588730639,0.19320500695877763,41.108545034642006,67.23063223508458,40.519003754182485,49.7923146120458,21.972382038455862,32331215.0,1.5751740199155335,0.8819057145909882,0.012322073507541997,-0.0033876773237347946
2019-09-30,0.025,2.035,19.091,0.792,1.692,47.65,3844516.0,-1.1300000000000026,47.137598217189904,46.44854887596963,0.6890493412202758,0.6141315953425078,0.149835491755536,44.50000000000003,66.99201419698313,46.55289905451243,48.71250942620134,42.2336783111346,28605547.0,1.1105393434019082,0.8789522404409834,-0.03525708289611751,0.012322073507541997
2019-10-01,0.025,2.035,19.091,0.792,1.692,45.97,4836105.0,-1.3599999999999994,46.9579677222132,46.413099801890176,0.5448679203230213,0.6002788603386096,-0.11082188003117643,50.11235955056178,65.0375939849624,31.826226488319023,43.08374844690724,9.311182571142595,31173613.0,0.9944707227627352,0.8497079657861476,-0.022623450076136642,-0.03525708289611751
2019-10-02,0.025,2.035,19.091,0.792,1.692,44.93,3464799.0,-2.030000000000001,46.64597268799068,46.30323766133907,0.34273502665161004,0.5487700936012069,-0.41207013389919367,29.856115107913634,48.32535885167463,25.449110160735327,37.205535684849934,1.9362591125061073,27329097.0,1.0474318771546085,0.7552339878613095,0.008457600712219016,-0.022623450076136642
2019-10-03,0.025,2.035,19.091,0.792,1.692,45.31,3589401.0,-2.5799999999999983,46.44043842827982,46.22966270546557,0.2107757228142475,0.4811712194438121,-0.5407909932591292,26.349206349206337,41.07959743824335,24.487846995517952,32.96630612173927,7.530928743075307,22492992.0,1.475777835296779,0.8950055173485074,0.0006621054954756289,0.008457600712219016
2019-10-04,0.025,2.035,19.091,0.792,1.692,45.34,2984406.0,-2.3299999999999983,46.27114020853053,46.16376027496089,0.10737993356963926,0.40641296226897494,-0.5980660573986714,37.98882681564246,42.60249554367203,24.084534576584446,30.005715606687662,12.242172516378012,25957791.0,1.9533561480460624,1.0134629956809202,-0.003749448610498529,0.0006621054954756289
2019-10-07,0.025,2.035,19.091,0.792,1.692,45.17,2999723.0,-2.8699999999999974,46.10173402259096,46.09014686234982,0.011587160241141703,0.32744780186340616,-0.6317212832445289,22.91666666666671,35.728542914171655,22.469658047097486,27.493696420157605,12.421581300977252,29547192.0,1.4895367928653778,1.1862099316627506,-0.029222935576710185,-0.003749448610498529
2019-10-08,0.025,2.035,19.091,0.792,1.692,43.85,2847753.0,-2.739999999999995,45.755313403710396,45.92420684257854,-0.168893438868146,0.22817955371709361,-0.7941459851704793,24.50495049504956,29.530916844349704,15.12041900748836,23.369270615934525,-1.3772842094039675,26562786.0,1.4482910830473212,1.4066066715280552,0.0036488027366019526,-0.029222935576710185
2019-10-09,0.025,2.035,19.091,0.792,1.692,44.01,4367724.0,-2.75,45.48680364928002,45.78241119928936,-0.29560755000934336,0.12342213297180443,-0.8380593659622956,19.038461538461565,28.58617131062953,11.346102123135699,19.361547785001584,-4.684789200596072,23563063.0,1.6109742252708557,1.4181569641799414,0.02067711883662815,0.0036488027366019526
2019-10-10,0.025,2.035,19.091,0.792,1.692,44.92,3699287.0,-3.6700000000000017,45.39960308784864,45.718527827046636,-0.31892473919799613,0.03495275853784312,-0.7077549954716785,11.924686192468622,31.303418803418804,15.229328278996254,17.984141282999808,9.719702270989146,26410816.0,1.0625319919540634,1.4567491901988898,0.049198575244879805,0.02067711883662815
2019-10-11,0.025,2.035,19.091,0.792,1.692,47.13,3250767.0,-2.309999999999995,45.665817997419886,45.82308292948165,-0.15726493206176428,-0.0034907795820787774,-0.307548304959371,36.907730673316756,36.587771203155825,33.35963657418318,23.10930638006093,53.86029696242767,30778540.0,1.625507055626689,1.4510358013274047,-0.006577551453426755,0.049198575244879805
2019-10-14,0.025,2.035,19.091,0.792,1.692,46.82,3352271.0,0.060000000000002274,45.84338445936065,45.8969296900969,-0.05354523073624762,-0.01350166981291263,-0.08008712184666997,71.23552123552123,45.41595925297114,47.861008787244664,31.35987384912217,80.86327866348967,34477827.0,2.6320479835311463,1.4594309288269185,0.008116189662537465,-0.006577551453426755
2019-10-15,0.025,2.035,19.091,0.792,1.692,47.2,3630939.0,-0.8299999999999983,46.052094542541276,45.993454689589626,0.058639852951650084,0.0009266347400000103,0.11542643642330015,64.7749510763209,45.37743850720952,58.21491140070801,40.311553032984115,94.0216281361558,31227060.0,2.702487682614678,1.6700928320218313,-0.0016949152542373724,0.008116189662537465
2019-10-16,0.025,2.035,19.091,0.792,1.692,47.12,2726017.0,1.230000000000004,46.21638768984617,46.076903509252745,0.1394841805934277,0.028638143910685695,0.22169207336548402,67.03296703296701,52.762430939226526,64.49300104309494,48.372035703021055,96.73493172324271,34579331.0,5.0525662696178655,1.891366690339389,0.01464346349745349,-0.0016949152542373724
2019-10-17,0.025,2.035,19.091,0.792,1.692,47.81,3013731.0,2.1899999999999977,46.46155881448971,46.20528247845564,0.25627633603406963,0.07416578233536268,0.36422110739741387,68.15642458100551,47.1602434077079,71.1623545524384,55.96880865282683,101.54944635166156,30948392.0,2.6068340540058648,1.846855613402569,0.0031374189500104066,0.01464346349745349
2019-10-18,0.025,2.035,19.091,0.792,1.692,47.96,3999361.0,2.5,46.69208822764872,46.33526291475052,0.3568253128981951,0.13069768844792934,0.4522552489005315,91.77215189873405,52.87128712871289,76.67016135059943,62.869259552084365,104.27196494762957,33674409.0,2.5288904315753213,1.8150778360479336,-0.0175145954962469,0.0031374189500104066
2019-10-21,0.025,2.035,19.091,0.792,1.692,47.12,4940254.0,2.6199999999999974,46.75792080801132,46.393392151150714,0.36452865686060676,0.17746388213046493,0.37412954946028365,91.75475687103581,54.41030723488603,72.03899422031913,65.92583777482929,84.2653071112988,36688140.0,2.468155593524867,2.0464407715545807,-0.006366723259762286,-0.0175145954962469
2019-10-22,0.025,2.035,19.091,0.792,1.692,46.82,4291623.0,1.9499999999999957,46.76747145293276,46.424993016150665,0.3424784367820948,0.210466793060791,0.26402328744260756,73.60515021459214,47.43961352657004,66.88121500209827,66.24429685058561,68.1550513051236,32688779.0,1.5143297380814165,1.7667222387258987,0.00875694147800088,-0.006366723259762286
2019-10-23,0.025,2.035,19.091,0.792,1.692,47.23,6117105.0,2.969999999999999,46.838629690943776,46.484623658619576,0.35400603232420025,0.2391746409134729,0.2296627828214547,44.36363636363635,54.73801560758083,61.19164934376975,64.56008101498033,54.454786001348594,27748525.0,1.3237378786140397,1.4822318741184788,0.0474274825322889,0.00875694147800088
2019-10-24,0.025,2.035,19.091,0.792,1.692,49.47,5407984.0,3.219999999999999,47.243455892340265,46.705764348378274,0.5376915439619907,0.29887802152317655,0.4776270448776283,57.19298245614027,63.78896882494001,69.76168730390692,66.29394977795586,76.69716235580907,32040148.0,1.965022384852728,1.4789952920652034,0.02041641398827565,0.0474274825322889
2019-10-25,0.025,2.151,20.488,0.749,1.692,50.48,4542726.0,4.549999999999997,47.74138575506049,46.98533935138322,0.7560464036772743,0.3903116979539962,0.7314694114465562,74.09766454352433,70.39215686274505,77.87206720401109,70.15332225330759,93.30955710541807,38157253.0,2.1041873731261167,1.743338319181257,0.014461172741679906,0.02041641398827565
2019-10-28,0.025,2.151,20.488,0.749,1.692,51.21,3471260.0,3.3499999999999943,48.27501871582344,47.29827924153526,0.9767394742881805,0.507597253220833,0.938284442134695,79.78723404255318,72.98747763864037,83.83353065753262,74.7133917213826,102.07380852983266,43565237.0,2.240115908972667,1.7750351073910138,0.005467682093341253,0.014461172741679906
2019-10-29,0.025,2.151,20.488,0.749,1.692,51.49,3605620.0,4.390000000000001,48.76963122108375,47.60877897200664,1.1608522490771094,0.6382482523920884,1.045207993370042,79.92957746478872,75.72402044293011,88.3910852404609,79.2726228944087,106.6280099325653,48107963.0,2.3428925248640593,1.7636170213156706,-0.008933773548261859,0.005467682093341253
2019-10-30,0.025,2.151,20.488,0.749,1.692,51.03,3793969.0,4.289999999999999,49.117380263995365,47.86220418510225,1.2551760788931148,0.7616338176922937,0.9870845224016422,80.37865748709122,85.7009345794392,88.6961917432232,82.4138125106802,101.26095020830917,51579223.0,2.3523582174659925,2.0780834861573294,-0.010582010582010581,-0.008933773548261859
2019-10-31,0.025,2.151,20.488,0.749,1.692,50.49,3240073.0,3.9100000000000037,49.328552531073726,48.05685674625764,1.2716957848160888,0.8636462111170529,0.8160991473980719,86.00368324125233,81.90909090909086,85.69098273413168,83.50620258516403,90.06054303206696,47973603.0,2.3571057855831317,2.0249746756877802,0.03604674192909485,-0.010582010582010581
2019-11-01,0.025,2.151,20.488,0.749,1.692,52.31,5436126.0,2.6799999999999997,49.78723675706372,48.37190592225337,1.415330834810348,0.9739831358557118,0.8826953979092722,82.36331569664902,76.19943555973656,89.53329812363029,85.51523443131946,97.56942550825195,44179634.0,1.6429459476728487,1.962725376757333,0.0355572548269929,0.03604674192909485
2019-11-04,0.025,2.151,20.488,0.749,1.692,54.17,6073216.0,4.350000000000001,50.461508025209426,48.801396300658965,1.660111724550461,1.1112088535946618,1.0978057419115985,85.87570621468927,75.29296874999996,92.00438704425227,87.67828530229706,100.6565905281627,47419707.0,1.6567986420880723,1.7830742240710078,0.0005538120731032325,0.0355572548269929
2019-11-05,0.025,2.151,20.488,0.749,1.692,54.2,3864084.0,7.050000000000004,51.03666063671686,49.20129453333965,1.8353661033772113,1.2560403035511718,1.158651599652079,85.07462686567165,81.17048346055978,90.94519657698756,88.7672557271939,95.30107827657488,52855833.0,2.634303937254307,1.8277871355320783,0.0014760147601475815,0.0005538120731032325
2019-11-06,0.025,2.151,20.488,0.749,1.692,54.28,6686416.0,7.380000000000003,51.53563592337668,49.577496386290726,1.9581395370859553,1.3964601502581286,1.1233587736556534,82.51748251748253,80.59440559440556,90.02903815515019,89.18784986984599,91.71141472575857,58929049.0,5.213818362073893,2.2219409570284268,0.028002947678702927,0.0014760147601475815
2019-11-07,0.025,2.151,20.488,0.749,1.692,55.8,4830952.0,7.050000000000004,52.19169193516586,50.038424222608406,2.153267712557458,1.5478216627179946,1.2108920996789267,80.27613412228797,81.2937062937063,92.60362843302147,90.32644272423782,97.15799985058877,62793133.0,5.1560396124703685,2.2067809713414746,0.003405017921147113,0.028002947678702927
2019-11-08,0.025,2.151,20.488,0.749,1.692,55.99,3199377.0,6.329999999999998,52.776047022064155,50.479283142401854,2.2967638796623007,1.697610106106856,1.1983075471108893,84.15213946117272,82.55908720456397,95.06908562201431,91.90732369016332,101.39260948571629,69479549.0,5.2329778045780655,2.605238415956869,-0.0032148597963922443,0.003405017921147113
2019-11-11,0.025,2.151,20.488,0.749,1.692,55.81,2742339.0,5.510000000000005,53.242809018670165,50.8741522642967,2.3686567543734682,1.8318194357601787,1.073674637226579,91.05960264900664,82.6157595450853,94.47011416595042,92.76158718209236,97.88716813366656,74310501.0,5.154996176138972,3.095331438549518,-0.011646658304963364,-0.0032148597963922443
2019-11-12,0.025,2.151,20.488,0.749,1.692,55.16,3451005.0,4.600000000000001,53.537761477336566,51.191623365116016,2.346138112220551,1.9346831710522532,0.8229098823365955,96.83098591549296,87.29613733905582,90.75785388841138,92.0936760841987,88.08620949683672,71111124.0,4.973452444453334,3.1166148357156356,-0.027193618564176902,-0.011646658304963364
2019-11-13,0.025,2.151,20.488,0.749,1.692,53.66,2597581.0,3.6699999999999946,53.55656740390018,51.374466557784785,2.1821008461153966,1.984166706064882,0.39586828010102915,81.59645232815954,84.74999999999996,77.70149760785056,87.29628325874933,58.511926306053,68368785.0,3.286381445421423,3.236890264334422,0.005404398061871207,-0.027193618564176902
2019-11-14,0.025,2.151,20.488,0.749,1.692,53.95,3869678.0,2.6299999999999955,53.617095495607884,51.565247275510636,2.0518482200972485,1.9977030088713554,0.10829042245178622,43.855421686746936,74.56073338426278,64.90565979485554,79.83274210411805,35.05149517633052,64917780.0,3.3372583797063333,2.736854402037202,0.016867469879517927,0.005404398061871207
2019-11-15,0.025,2.151,20.488,0.749,1.692,54.86,3445289.0,3.460000000000001,53.80831157320677,51.80930358099985,1.99900799220692,1.9979640055384684,0.0020879733369030262,47.1655328798186,70.10771992818671,61.657536637430574,73.7743402818889,37.42392934851392,67515361.0,5.8010381790515755,2.7097631208408193,-0.009843237331388921,0.016867469879517927
2019-11-18,0.025,2.151,20.488,0.749,1.692,54.32,5230197.0,2.549999999999997,53.887032869636535,51.99528148026178,1.891751389374754,1.976721482305726,-0.16994018586194404,55.534351145038144,69.83695652173911,53.685669586244046,67.07811671667395,26.900775325384245,71385039.0,5.902696507734755,2.7185187774575854,-0.017120765832105977,-0.009843237331388921
2019-11-19,0.025,2.151,20.488,0.749,1.692,53.39,5396391.0,0.14999999999999858,53.81056627430781,52.098594162131306,1.711972112176504,1.923771608279882,-0.423598992206756,32.62910798122075,64.33179723502303,41.57079321163862,58.57567554832884,7.561028538258185,67939750.0,3.228808898523266,2.3701884226228986,-0.013485671474058769,-0.017120765832105977
2019-11-20,0.025,2.151,20.488,0.749,1.692,52.67,4621467.0,-0.8100000000000023,53.635094539798864,52.1409205959535,1.494173943845361,1.8378520753929777,-0.6873562630952335,24.000000000000025,58.26086956521738,32.29217539410447,49.81450883025405,-2.752491478194699,62709553.0,1.6846038323122936,2.229909756554602,0.02297322954243408,-0.013485671474058769
2019-11-21,0.025,2.151,20.488,0.749,1.692,53.88,3119237.0,-1.6099999999999994,53.672772302906736,52.269741505205054,1.4030307977016818,1.7508878198547186,-0.6957140443060736,21.660649819494612,56.97278911564626,35.82530568442308,45.151441114977054,17.17303482331512,57313162.0,1.0453379215553582,2.088660065309711,0.005939123979213035,0.02297322954243408
2019-11-22,0.025,2.151,20.488,0.749,1.692,54.2,5100027.0,-1.9199999999999946,53.75388425630572,52.41272383447966,1.3411604218260607,1.6689423402489871,-0.655563836845853,39.50819672131153,63.63636363636363,41.33989622519312,43.88092615171575,36.25783637214788,61934629.0,0.9434417221504764,2.094966532426549,0.01845018450184499,0.005939123979213035
2019-11-25,0.025,2.151,20.488,0.749,1.692,55.2,4680408.0,-1.7899999999999991,53.976363601489496,52.61918902783566,1.357174573653836,1.606588786929957,-0.498828426552242,55.48780487804884,58.6459286367795,59.95282527865544,49.23822586069565,81.38202411457502,65053866.0,0.8589760753164252,2.0805501100971773,0.003079710144927361,0.01845018450184499
2019-11-26,0.025,2.151,20.488,0.749,1.692,55.37,3925984.0,-0.6099999999999994,54.19076920126038,52.82295307057325,1.3678161306871317,1.5588342556813921,-0.3820362499885208,61.101243339254005,55.114200595829196,69.83156388440041,56.102671868597234,97.28934791600678,70153893.0,0.9527648378470681,2.126511170620949,-0.019685750406357116,0.003079710144927361
2019-11-27,0.025,2.151,20.488,0.749,1.692,54.28,1887577.0,0.21000000000000085,54.204497016451086,52.93088260371208,1.2736144127390077,1.5017902870929154,-0.4563517487078155,55.21472392638036,55.72967678746325,66.46305172202037,59.556131819738276,80.27689152658455,74834301.0,1.3689756057251312,2.1595203662131652,-0.016764922623434098,-0.019685750406357116
2019-11-29,0.025,2.151,20.488,0.749,1.692,53.37,3363901.0,0.6200000000000045,54.076112860073984,52.96340985479616,1.1127030052778224,1.4239728307298969,-0.622539650904149,49.63235294117648,50.0,55.90687466399529,58.33971276782395,51.041198456337966,70908317.0,1.332847164449153,2.1437999305657143,-0.00393479482855541,-0.016764922623434098
2019-12-02,0.025,2.151,20.488,0.749,1.692,53.16,3989296.0,-0.5800000000000054,53.935172420062585,52.977972102922955,0.9572003171396304,1.3306183280118438,-0.7468360217444268,49.81549815498152,38.548539114043365,46.95161507280047,54.54368020281612,31.76748481276917,69020740.0,1.0757025819597235,1.9841364226957876,-0.025206922498118844,-0.00393479482855541
2019-12-03,0.025,2.151,20.488,0.749,1.692,51.82,3791364.0,-1.7000000000000028,53.60976127851446,52.892196308974654,0.7175649695398079,1.2080076563174367,-0.9808853735552576,54.98981670061095,36.68861712135463,36.76206962300176,48.616476676211335,13.053255516582595,65656839.0,1.0502680403619975,1.9923916472601977,0.008876881512929424,-0.025206922498118844
2019-12-04,0.025,2.151,20.488,0.749,1.692,52.28,2692643.0,-2.5,53.40518262028145,52.84684839379146,0.5583342264899898,1.0780729703519474,-1.0394774877239152,29.56349206349201,33.07888040712467,33.23145067065368,43.48813467435878,12.718082663243464,61667543.0,1.0223008995104859,1.9928645169849284,-0.005355776587605221,0.008876881512929424
2019-12-05,0.025,2.151,20.488,0.749,1.692,52.0,2852856.0,-1.1099999999999994,53.18900067869968,52.78411883133798,0.4048818473617004,0.943434745753898,-1.077105796784395,31.467181467181426,37.58620689655174,28.89188909958474,38.62271948276744,9.430228333219347,65458907.0,1.0997560268199886,2.0483573887132733,0.023461538461538423,-0.005355776587605221
2019-12-06,0.025,2.151,20.488,0.749,1.692,53.22,2377246.0,-0.6700000000000017,53.19376980505358,52.81640635000103,0.37736345505254576,0.8302204876136275,-0.9057140651221636,14.12556053811651,42.003853564547214,34.651330321708976,37.298923095747945,29.356144773631044,62766264.0,1.2823242092523153,1.8252232668089048,0.0009394964299136443,0.023461538461538423
2019-12-09,0.025,2.151,20.488,0.749,1.692,53.27,2609674.0,-0.6600000000000037,53.20549752735303,52.85000590341883,0.3554916239341992,0.735274714877742,-0.7595661818870856,30.49001814882033,46.772767462422614,38.84556773220318,37.81447130789969,40.90776058081016,65619120.0,1.1737329543612571,1.7509542184900626,-0.0026281208935611255,0.0009394964299136443
2019-12-10,0.025,2.151,20.488,0.749,1.692,53.13,3196455.0,-0.9299999999999997,53.19388252314487,52.870746220465584,0.3231363026792877,0.6528470324380512,-0.659421459517527,38.70246085011189,42.39234449760767,43.90570316346017,39.844881926419845,52.027345637540805,67996366.0,0.8571098220059783,1.544378435758917,-0.0005646527385657629,-0.0026281208935611255
2019-12-11,0.025,2.151,20.488,0.749,1.692,53.1,2882315.0,-2.0700000000000003,53.17943905804566,52.88772799222035,0.2917110658253108,0.5806198391155032,-0.5778175465803848,46.75675675675683,44.07960199004976,50.4262995289941,43.372021127277925,64.53485633242646,65386692.0,0.5122344478067465,1.3691986941839809,0.025423728813559254,-0.0005646527385657629
2019-12-12,0.025,2.151,20.488,0.749,1.692,54.45,3198575.0,-2.269999999999996,53.37490997219249,53.00345190968852,0.37145806250396873,0.5387874837931963,-0.33465884257845513,49.147727272727344,48.415300546448094,65.72329317041537,50.82244514165708,95.52498922793195,62190237.0,0.2540537916282714,1.2186695940383598,-0.02148760330578514,0.025423728813559254
2019-12-13,0.025,2.151,20.488,0.749,1.692,53.28,4039972.0,0.1700000000000017,53.36030843800903,53.02393696407564,0.33637147393339006,0.49830428182123504,-0.32386561577568995,87.25212464589231,59.100204498977504,63.53259332492769,55.05916120274728,80.4794575692885,65072552.0,0.44290104459859947,1.3686069539371666,0.016704204204204265,-0.02148760330578514
2019-12-16,0.025,2.151,20.488,0.749,1.692,54.17,2665310.0,-0.0899999999999963,53.48487637062303,53.10883056319808,0.3760458074249442,0.4738525869419769,-0.1956135590340654,61.79245283018865,46.91991786447638,68.78818323572676,59.635501880407105,87.09354594636608,61873977.0,0.4163334096384059,1.3856065737007117,0.00904559719401865,0.016704204204204265
2019-12-17,0.025,2.151,20.488,0.749,1.692,54.66,3659050.0,1.0100000000000051,53.66566462129641,53.22373205422514,0.4419325670712695,0.46746858296783544,-0.05107203179313191,72.37113402061853,49.85451018428709,77.49360835672651,65.58820403918024,101.30441699181907,65913949.0,0.44726743726096424,1.4022940693392492,-0.007500914745700582,0.00904559719401865
2019-12-18,0.025,2.151,20.488,0.749,1.692,54.25,3355670.0,2.8399999999999963,53.75556237186619,53.29975193346467,0.4558104384015209,0.4651369540545726,-0.018653031306103407,67.47572815533975,47.24489795918364,76.47555953228702,69.21732253688249,90.99203352309607,68579259.0,0.6963216691946589,1.3444892965927029,0.004976958525345632,-0.007500914745700582
2019-12-19,0.025,2.151,20.488,0.749,1.692,54.52,10475184.0,1.9699999999999989,53.873168160809854,53.39014071370826,0.4830274471015912,0.46871505266397634,0.02862478887522968,60.93749999999998,44.422310756972124,78.96535773100489,72.46666760158996,91.96273798983475,64920209.0,0.7015170543356489,1.1314225733933143,0.0016507703595010081,0.004976958525345632
2019-12-20,0.025,2.151,20.488,0.749,1.692,54.61,2678479.0,2.520000000000003,53.98652690530065,53.48050069284403,0.5060262124566179,0.4761772846225047,0.059697855668226496,65.07592190889372,51.30151843817789,77.64357182066992,74.19230234128328,84.54611077944318,68275879.0,1.0502043082241872,1.1215682683057235,0.0058597326496978575,0.0016507703595010081
2019-12-23,0.025,2.151,20.488,0.749,1.692,54.93,926169.0,1.3900000000000006,54.13167661217747,53.58787104710341,0.5438055650740594,0.48970294071281567,0.10820524872248749,66.16702355460386,57.3809523809524,80.70613978716814,76.36358148991157,89.3912563816813,78751063.0,0.5072571588290788,0.8245557967791884,-0.0005461496450027692,0.0058597326496978575
2019-12-24,0.025,2.151,20.488,0.749,1.692,54.9,1909555.0,1.6599999999999966,54.24988021030401,53.68506581386782,0.5648143964361907,0.5047252318574907,0.1201783291573999,56.593406593406556,60.39952996474738,82.33632913108876,78.35449737030397,90.29999265265835,81429542.0,0.6751280460667641,0.7898766759549876,0.005828779599271305,-0.0005461496450027692
2019-12-26,0.025,2.151,20.488,0.749,1.692,55.22,1688526.0,1.769999999999996,54.39912940871878,53.79876467443707,0.6003647342817047,0.5238531323423335,0.15302320387874224,82.40000000000003,71.38888888888887,87.72421942072583,81.47773805377793,100.21718215462164,80503373.0,0.7281021082165995,0.7274753526652623,-0.0070626584570807616,0.005828779599271305
2019-12-27,0.025,2.151,20.488,0.749,1.692,54.83,1943330.0,2.1199999999999974,54.465417191992806,53.87515249621649,0.5902646957763196,0.5371354450291308,0.10625850149437754,77.20207253886014,70.82152974504247,80.05144039813096,81.0023055018956,78.14971019060167,82412928.0,0.9601468932160387,0.792278722107258,-0.00893671347802294,-0.0070626584570807616
2019-12-30,0.025,2.151,20.488,0.749,1.692,54.34,2145716.0,0.37999999999999545,54.44612223937853,53.909585652944806,0.5365365864337264,0.53701567331005,-0.0009581737526471734,54.64480874316945,69.73500697350067,66.6346252737126,76.21307875916794,47.47771830280192,80724402.0,0.7343768924673483,0.8161526096425314,0.0071770334928229484,-0.00893671347802294
2019-12-31,-0.02,2.997,-29.862,0.945,1.575,54.73,5145239.0,1.0600000000000023,54.4897957410126,53.97035709962352,0.5194386413890797,0.533500266925856,-0.028123251073552513,52.35602094240846,58.69565217391308,64.15774354897587,72.19463368910392,48.08396326871977,78781072.0,0.7836926505244765,0.7469248977585903,-0.017906084414397894,0.0071770334928229484
2020-01-02,-0.02,2.997,-29.862,0.945,1.575,53.75,5004295.0,0.5599999999999952,54.375981011626045,53.95403434813006,0.4219466634959872,0.5111895462398822,-0.17848576548779005,55.172413793103324,60.766961651917384,44.69154980053889,63.02693905958225,8.02077128245216,80926788.0,0.6823535881885651,0.7183980427895709,-0.02474418604651163,-0.017906084414397894
2020-01-03,-0.02,2.997,-29.862,0.945,1.575,52.42,4292996.0,-0.9099999999999966,54.07506085599127,53.840402152451134,0.23465870354013418,0.4558833776999326,-0.4424493483195968,35.273972602739676,54.06824146981627,29.900523646219185,51.98480058846123,-14.268030238264913,75781549.0,0.42325834699598086,0.6987427433775021,-0.004006104540251854,-0.02474418604651163
2020-01-06,-0.02,2.997,-29.862,0.945,1.575,52.21,5122795.0,-1.8299999999999983,53.788128416608,53.71963160124247,0.06849681536552765,0.3784060652330516,-0.6198184997350479,18.066157760814157,46.18834080717488,21.905513416728294,41.95837153121692,-18.20020281224896,70777254.0,0.4006481740293343,0.7012924936208342,-0.00038306837770551994,-0.004006104540251854
2020-01-07,-0.02,2.997,-29.862,0.945,1.575,52.19,3629739.0,-2.3100000000000023,53.54226250636061,53.606325538118064,-0.0640630317574562,0.28991224583495007,-0.7079505551848125,17.274939172749303,35.6041131105398,16.47633478718212,33.46435928320532,-17.499714204864276,66484258.0,0.2284505911794103,0.7140187564213917,0.010346809733665419,-0.00038306837770551994
2020-01-08,-0.02,2.997,-29.862,0.945,1.575,52.73,2667816.0,-2.4200000000000017,53.41729904384359,53.5414125254343,-0.12411348159071167,0.2071071003498177,-0.6624411638810588,10.236220472440806,41.77978883861232,18.422239720380333,28.450319428930325,-1.6339196967196514,61361463.0,0.279138262306023,0.5884356976396617,-0.010240849611226954,0.010346809733665419
2020-01-09,-0.02,2.997,-29.862,0.945,1.575,52.19,3277304.0,-2.200000000000003,53.22848380632919,53.44130787984124,-0.2128240735120528,0.12312086557744359,-0.6718898781789928,23.484848484848378,38.53503184713368,15.66750168547294,24.189380181111193,-1.3762553058035678,64991202.0,0.31857142561045626,0.596179211853801,-0.013220923548572516,-0.010240849611226954
2020-01-10,-0.02,2.997,-29.862,0.945,1.575,51.5,2665522.0,-2.710000000000001,52.96256322074008,53.29750727742235,-0.3349440566822679,0.03150788112550127,-0.7329038756155384,23.192019950124557,30.489731437598692,11.25015410271466,19.876304821645682,-6.002147335147384,62323386.0,0.2971200808567656,0.49864148891625176,0.01650485436893212,-0.013220923548572516
2020-01-13,-0.02,2.997,-29.862,0.945,1.575,52.35,3689824.0,-3.719999999999999,52.86832272524161,53.2273215447057,-0.35899881946409096,-0.0465934589924172,-0.6248107209433476,12.529002320185608,29.19818456883505,15.149056036270343,18.30055522652057,8.84605765576989,59046082.0,0.19818115940810577,0.4107818204145904,-0.002101241642788909,0.01650485436893212
2020-01-14,-0.02,2.997,-29.862,0.945,1.575,52.24,2235412.0,-2.479999999999997,52.77165769058905,53.15418660730273,-0.3825289167136745,-0.11378055053666869,-0.5374967323540116,33.25358851674643,34.90959666203055,16.862655715001512,17.821255389347552,14.945456366309436,61711604.0,0.30746143289948286,0.4737476196743115,0.0005742725880550914,-0.002101241642788909
2020-01-15,-0.02,2.997,-29.862,0.945,1.575,52.27,3765634.0,-2.1000000000000014,52.694479584344585,53.0886912962872,-0.39421171194261717,-0.1698667828178584,-0.4486898582495175,46.95945945945946,33.564493758668505,24.423588658485908,20.022033145727004,33.22669968400371,58021780.0,0.47552290836165345,0.5431421229088269,0.004017600918308606,0.0005742725880550914
2020-01-16,-0.02,2.997,-29.862,0.945,1.575,52.48,3897498.0,-2.4599999999999937,52.66148272521465,53.043603047801845,-0.3821203225871983,-0.21231749077172646,-0.3396056636309437,51.079136690647516,30.78034682080924,36.621375489837995,25.55514726043067,58.75383194865265,60257192.0,0.4790389583560773,0.5260588062086147,0.016387195121951414,0.004017600918308606
2020-01-17,-0.02,2.997,-29.862,0.945,1.575,53.34,4154674.0,-1.2700000000000031,52.765869998258545,53.065558379540235,-0.2996883812816904,-0.22979166887371924,-0.1397934248159423,54.88215488215488,32.957746478873176,57.4074476054703,36.17258070877721,99.87718139885648,64022826.0,0.5064265064954224,0.5278460109582703,-0.013873265841769844,0.016387195121951414
2020-01-21,-0.02,2.997,-29.862,0.945,1.575,52.6,5148811.0,0.9200000000000017,52.740351536988,53.031072570818246,-0.29072103383024483,-0.24197754186502438,-0.09748698393044092,59.27051671732533,37.69633507853404,58.67979500228637,43.674985473280266,88.68941406029857,67920324.0,0.842702903216446,0.6229213768124526,-0.03288973384030425,-0.013873265841769844
2020-01-22,-0.02,2.997,-29.862,0.945,1.575,50.87,5797594.0,0.39000000000000057,52.45260514668215,52.87099310896402,-0.41838796228186936,-0.27725962594839343,-0.28225667266695187,55.87392550143272,36.0450563204005,41.46107538817895,42.93701544491316,38.50919527471052,63765650.0,0.8488416741261149,0.6085802870018252,-0.012187930017692139,-0.03288973384030425
2020-01-23,-0.02,2.997,-29.862,0.945,1.575,50.25,5919307.0,-1.3200000000000003,52.11374281642336,52.67684545760306,-0.5631026411796967,-0.33442822899465413,-0.45734882437008506,43.046357615894024,31.202600216684683,36.350138936537356,40.741389942121224,27.567636925369627,58616839.0,0.8476802568853794,0.5213844838505817,-0.035024875621890494,-0.012187930017692139
2020-01-24,-0.02,2.997,-29.862,0.945,1.575,48.49,4826744.0,-2.479999999999997,51.556243921588994,52.36670873683548,-0.8104648152464833,-0.4296355462450201,-0.7616585380029264,25.581395348837216,26.32135306553913,27.05297482987204,36.17858490470483,8.801754680206457,52819245.0,0.9616924453300497,0.6275616403376115,-0.027015879562796496,-0.035024875621890494
2020-01-27,-0.02,2.997,-29.862,0.945,1.575,47.18,5812835.0,-3.6999999999999957,50.88297562595992,51.98250806648709,-1.0995324405271703,-0.5636149251014502,-1.0718350308514402,18.48739495798321,24.316406250000014,20.71388798181945,31.0236859304097,0.09429208463894412,46899938.0,0.8212553552028161,0.5977137695196861,-0.0004239084357778866,-0.027015879562796496
2020-01-28,-0.02,2.997,-29.862,0.945,1.575,47.16,6827952.0,-4.32,50.31021014504301,51.625285226795405,-1.315075081752397,-0.7139069564316396,-1.202336250641515,14.799446749654214,24.363992172211354,16.38862373391136,26.145331864910258,-3.124792528086438,42073194.0,0.7678236183071546,0.5840308887066245,0.053223070398642935,-0.0004239084357778866
2020-01-29,-0.02,2.997,-29.862,0.945,1.575,49.67,5644830.0,-5.190000000000005,50.211716276574855,51.48044927657954,-1.268733000004687,-0.8248721651462492,-0.8877216697168757,12.215909090909161,24.825523429710866,25.95551106070282,26.082058263507776,25.702416655092904,36260359.0,0.5272149778562546,0.5025399301387768,-0.024159452385746016,0.053223070398642935
2020-01-30,-0.02,2.997,-29.862,0.945,1.575,48.47,7532245.0,-2.5700000000000003,49.94375992633257,51.25745302319182,-1.3136930968592537,-0.9226363514888503,-0.7821134907408069,28.88377445339473,39.93610223642175,26.38105499284949,26.181723839955012,26.779717298638445,43088311.0,0.6331326054521726,0.616792708844229,-0.04951516401898082,-0.024159452385746016
2020-01-31,-0.02,2.997,-29.862,0.945,1.575,46.07,6364885.0,-3.8000000000000043,49.34779686074294,50.87319722665909,-1.5254003659161484,-1.04318915437431,-0.9644224230836769,27.431693989071054,33.83915022761762,18.278932927459817,23.547460202456616,7.7418783774662145,37443481.0,0.7482067726126008,0.6385297071981254,0.014543086607336608,-0.04951516401898082
2020-02-03,-0.02,2.997,-29.862,0.945,1.575,46.74,5286125.0,-6.409999999999997,48.94659734370557,50.56703445655973,-1.6204371128541624,-1.1586387460702805,-0.9235967335677637,25.560081466395147,29.654255319148966,16.947860046877995,21.34759348393041,8.148393172773169,29911236.0,0.6638158079134673,0.5466589991312263,0.028027385537013227,0.014543086607336608
2020-02-04,-0.02,2.997,-29.862,0.945,1.575,48.05,5402675.0,-6.600000000000001,48.80865929082779,50.38058745269021,-1.5719281618624166,-1.2412966292287078,-0.6612630652674176,32.218844984802466,34.1544607190413,26.703619845329012,23.13293560439661,33.84498832719381,36276121.0,0.737701580398469,0.6543130188156312,0.03246618106139443,0.028027385537013227
2020-02-05,-0.02,2.997,-29.862,0.945,1.575,49.61,5984683.0,-4.550000000000004,48.93194247685429,50.323506898630036,-1.3915644217757475,-1.2713501877381157,-0.24042846807526352,47.66454352441612,36.11111111111111,46.28993158557909,30.85193426479077,77.16592622715572,41562246.0,1.0233052445863264,0.6791567512489463,-0.008264462809917328,0.03246618106139443
2020-02-06,-0.02,2.997,-29.862,0.945,1.575,49.2,3802057.0,-1.259999999999998,48.97318209579978,50.24028416268599,-1.2671020668862099,-1.2705005635677347,0.006796993363049619,62.56463288521198,42.23272297696396,58.26911710760566,39.99099521239574,94.8253608980255,46964921.0,1.466268271091133,0.8653415683059263,-0.02378048780487807,-0.008264462809917328
2020-02-07,-0.02,2.631,-26.213,0.829,1.575,48.03,2488290.0,-1.0499999999999972,48.828077157984424,50.07655940495395,-1.2484822469695231,-1.2660969002480924,0.03522930655713852,60.139165009940385,41.13229347198152,57.01353462781926,45.66517501753691,79.71025384838396,40980238.0,0.9817345924535907,0.7580214103693554,0.0033312513012699885,-0.02378048780487807
2020-02-10,-0.02,2.631,-26.213,0.829,1.575,48.19,3705361.0,-0.46000000000000085,48.72991144137144,49.93681425994173,-1.2069028185702848,-1.254258083912531,0.09471053068449242,40.596330275229356,37.821565407772326,57.4403027060659,49.59021758037991,73.1404729574379,37178181.0,1.0560795254005177,0.7293710622168894,0.012450715916165311,0.0033312513012699885
2020-02-11,-0.02,2.631,-26.213,0.829,1.575,48.79,2963591.0,1.009999999999998,48.739155835006606,49.85186505330391,-1.1127092182973044,-1.2259483107894857,0.22647818498436267,48.17708333333333,35.34433693796243,62.12531083831186,53.76858199969056,78.83876851555446,39666471.0,1.3840137524846727,0.7369770602804013,0.012092641934822845,0.012450715916165311
2020-02-12,-0.02,2.631,-26.213,0.829,1.575,49.38,3302605.0,1.6300000000000026,48.83774724500559,49.81691208555524,-0.9791648405496503,-1.1765916167415187,0.39485355238373687,73.12925170068027,39.070567986230635,67.63813826002404,58.39176741980172,86.13087994046866,43371832.0,2.0624833383711576,0.8035054881492146,-0.021871202916160515,0.012092641934822845
2020-02-13,-0.02,2.631,-26.213,0.829,1.575,48.3,3206989.0,-0.28999999999999915,48.75501689962012,49.70454822487374,-0.9495313252536235,-1.1311795584439397,0.3632964663806324,72.75862068965519,45.426642111725,63.55473585151028,60.112756897037904,70.43869376045502,46335423.0,1.4244820776216987,0.7926360349433592,0.006832298136645987,-0.021871202916160515
2020-02-14,-0.02,2.631,-26.213,0.829,1.575,48.63,3594317.0,-0.1700000000000017,48.7357835304478,49.624952058433614,-0.8891685279858166,-1.0827773523523152,0.38721764873299724,52.24416517055654,44.179104477611936,55.90793539133683,58.71114972847088,50.30150671706873,43032818.0,0.9856755392294848,0.7321271423570389,-0.018301460004112702,0.006832298136645987
2020-02-18,-0.02,2.631,-26.213,0.829,1.575,47.74,5644864.0,2.5600000000000023,48.58258606422506,49.485325977376036,-0.9027399131509739,-1.046769864512047,0.288059902722146,38.709677419354904,50.45691906005222,42.69574689497907,53.372682117306944,21.341876450323312,46239807.0,1.6479430927775456,0.8269098351592136,-0.003770423125261879,-0.018301460004112702
2020-02-19,-0.02,2.631,-26.213,0.829,1.575,47.56,4154247.0,1.0,48.42526513126736,49.34270923580008,-0.91744410453272,-1.0209047125161814,0.20692121596692292,34.854771784232405,51.87919463087249,31.977462369195237,46.24094220126971,3.45050270504629,42645490.0,1.022506301517062,0.8430654441152053,0.025231286795626584,-0.003770423125261879
2020-02-20,-0.02,2.631,-26.213,0.829,1.575,48.76,3972846.0,-0.4899999999999949,48.476762803380076,49.29954558800008,-0.8227827846200029,-0.9812803269369457,0.3169950846338856,43.86422976501309,51.328021248339994,37.56633176230812,43.34940538828251,26.00018451035932,37000626.0,0.5852936312132353,0.8275634198465126,-0.009433962264150941,0.025231286795626584
2020-02-21,-0.02,2.631,-26.213,0.829,1.575,48.3,5075299.0,-0.8500000000000014,48.44956852593699,49.22550517295649,-0.775936647019499,-0.9402115909534565,0.32854988786791495,55.85215605749485,46.69090909090908,36.41072760043421,41.03651279233308,27.159157216636473,41154873.0,0.5359332712243898,0.9502826178394537,-0.04265010351966869,-0.009433962264150941
2020-02-24,-0.02,2.631,-26.213,0.829,1.575,46.24,5528829.0,-0.9000000000000057,48.109634906562064,49.00435663853536,-0.8947217319732985,-0.9311136191574249,0.07278377436825267,44.82029598308667,49.34665641813989,27.48315465120125,36.518726745289136,9.412010463025481,37182027.0,0.5822475932420057,0.8479607797300035,-0.049524221453287165,-0.04265010351966869
2020-02-25,-0.02,2.631,-26.213,0.829,1.575,43.95,6470381.0,-1.7899999999999991,47.469691074783285,48.629959845650355,-1.16026877086707,-0.976944649499354,-0.36664824273543206,24.67741935483872,50.670876085240735,20.138499762558343,31.05865108437887,-1.7018028810827062,32106728.0,0.5520546909726434,0.8206605552641442,-0.020477815699658786,-0.049524221453287165
2020-02-26,-0.02,2.631,-26.213,0.829,1.575,43.05,10007708.0,-4.239999999999995,46.78973860173971,48.2166294817603,-1.4268908800205935,-1.066933895603602,-0.7199139688339828,20.64777327935225,40.23792862141357,13.593170695976886,25.236824288244875,-9.694136488559096,26577899.0,0.367876732772648,0.796673101487393,-0.08130081300813008,-0.020477815699658786
2020-02-27,-0.02,2.631,-26.213,0.829,1.575,39.55,10279951.0,-5.740000000000002,45.67593266301052,47.57465692043283,-1.8987242574223089,-1.2332919679673435,-1.3308645789099307,15.037593984962358,31.988472622478398,9.238667469634299,19.90410534870802,-12.092208288513142,20107518.0,0.20138675270565276,0.7030164962704906,0.02174462705436153,-0.08130081300813008
2020-02-28,-0.02,2.631,-26.213,0.829,1.575,40.41,7705004.0,-9.830000000000005,44.86578917639352,47.043941587541006,-2.1781524111474866,-1.4222640566033722,-1.5117767090882288,11.331444759206763,18.20480404551202,13.470140147042438,17.759450281486156,4.891519878155002,10099810.0,0.1688478908188984,0.588315367024845,0.024993813412521826,0.02174462705436153
2020-03-02,-0.02,2.631,-26.213,0.829,1.575,41.42,6763698.0,-7.890000000000001,44.33566776464067,46.62735331783439,-2.291685553193723,-1.5961483559214427,-1.3910743945445607,18.278615794143708,22.987092808850644,19.419994298771794,18.3129649539147,21.634052988485976,20379761.0,0.4378091074248719,0.674346380817011,-0.020762916465475567,0.024993813412521826
2020-03-03,-0.02,2.631,-26.213,0.829,1.575,40.56,4967034.0,-7.210000000000001,43.75479580084979,46.177919734776964,-2.4231239339271724,-1.7615434715225886,-1.3231609248091676,16.87725631768956,29.484792054624474,20.722375381337343,19.116101763055582,23.934922617900867,28084765.0,0.5494383267247799,0.7884999426577111,0.03328402366863892,-0.020762916465475567
2020-03-04,-0.02,2.631,-26.213,0.829,1.575,41.91,5447351.0,-7.18,43.47098106225751,45.86177752962259,-2.390796467365085,-1.8873940706910879,-1.0068047933479947,16.28919860627181,27.305175490779334,25.817404483080608,21.34986933639726,34.75247477644731,21321067.0,0.5093731137244075,0.69285074070498,-0.04318778334526352,0.03328402366863892
2020-03-05,-0.02,2.631,-26.213,0.829,1.575,40.1,6927495.0,-5.650000000000006,42.95236859114097,45.43497919087207,-2.482610599731103,-2.006437376499091,-0.9523464464640243,29.89786443825439,30.410022779043285,24.812641179302545,22.50412661736569,29.42967030317626,26288101.0,0.7167404558811432,0.7778050806695599,-0.028179551122194613,-0.04318778334526352
2020-03-06,-0.02,2.631,-26.213,0.829,1.575,38.97,15076868.0,-8.659999999999997,42.339696500196204,44.95609184005167,-2.6163953398554654,-2.128428969170366,-0.9759327413701984,31.29251700680271,25.292864749733756,20.155981960823585,21.721411731851656,17.025122418767445,20840750.0,0.7509325860781108,0.8861984819638731,-0.21657685399024884,-0.028179551122194613
2020-03-09,-0.02,2.631,-26.213,0.829,1.575,30.53,12973198.0,-9.329999999999998,40.52282011555064,43.88749243757406,-3.3646723220234236,-2.375677639740978,-1.9779893645648912,30.60836501901141,25.22570366436538,13.668001814712843,19.036941759472054,2.9301219251944204,13913255.0,1.0437547633148638,0.899155763716407,0.02849656075990814,-0.21657685399024884
2020-03-10,-0.02,2.631,-26.213,0.829,1.575,31.4,12444065.0,-15.71,39.11930932854285,42.96249299220881,-3.843183663665961,-2.669178844525975,-2.3480096382799722,20.827943078913325,16.406829992576082,14.287406492445259,17.45376333712979,7.954692803076199,-1163613.0,0.8056753039695504,0.8137042226319607,-0.10859872611464971,0.02849656075990814
2020-03-11,-0.02,2.631,-26.213,0.829,1.575,27.99,18159366.0,-12.550000000000004,37.40710789338241,41.853419431074464,-4.446311537692054,-3.0246053831591913,-2.8434123090657257,20.87912087912087,19.650817236255552,9.8380433387128,14.915190004324126,-0.3162499925098494,11809585.0,0.6887416408995791,0.7502743478213275,-0.15434083601286164,-0.10859872611464971
2020-03-12,-0.02,2.631,-26.213,0.829,1.575,23.67,17342507.0,-15.059999999999999,35.293706679015884,40.50649946629479,-5.212792787278907,-3.4622428639831355,-3.5010998465915435,12.423055400111881,17.545605306799317,8.654935919302167,12.82843864265014,0.30793047260621975,-634480.0,0.6168952017336361,0.7055077049141416,0.08534009294465572,-0.15434083601286164
2020-03-13,-0.02,2.631,-26.213,0.829,1.575,25.69,12198819.0,-15.879999999999995,33.81621334378267,39.40898098208727,-5.5927676383046006,-3.8883478188474285,-3.408839638914344,10.40787623066101,12.293357379020131,11.174326958073046,12.27706808112444,8.968844711970256,-18793846.0,0.5400236894902021,0.5536125925024181,-0.14363565589723637,0.08534009294465572
2020-03-16,-0.02,2.631,-26.213,0.829,1.575,22.0,19853725.0,-14.719999999999995,31.998334367816106,38.119426829584,-6.121092461767894,-4.334896747431522,-3.572391428672745,13.13636363636363,17.542348550100485,7.532801388632115,10.695645850293666,1.207112465309013,-1451339.0,0.3026458940125232,0.44964402304440887,0.20909090909090922,-0.14363565589723637
2020-03-17,-0.02,2.631,-26.213,0.829,1.575,26.6,16940131.0,-19.42,31.16782138815209,37.26613594983728,-6.098314561685189,-4.6875803102822555,-2.8214685028058675,12.10217755443885,16.75809105869445,13.319512132035975,11.57026794420777,16.818000507692386,-13650158.0,0.18262584355120695,0.4357760914772141,-0.006015037593984918,0.20909090909090922
2020-03-18,-0.02,2.631,-26.213,0.829,1.575,26.44,13887558.0,-13.96,30.440464251513305,36.46419995052366,-6.023735699010352,-4.954811388027875,-2.137848621964954,27.385740402193786,27.624451895795715,17.31635269531448,13.485629527910007,24.977799030123435,6203567.0,0.42174363227646594,0.5249256734880069,0.0635400907715582,-0.006015037593984918
2020-03-19,-0.02,2.631,-26.213,0.829,1.575,28.12,12647941.0,-15.469999999999995,30.08346975128049,35.846111063137755,-5.762641311857266,-5.116377372793753,-1.292527878127025,39.276350288411116,28.161977386273996,27.376926944425723,18.11606200008191,45.89865683311335,-10736564.0,0.5575009998035826,0.601948587515549,-0.024182076813655695,0.0635400907715582
2020-03-20,-0.02,2.631,-26.213,0.829,1.575,27.44,11694658.0,-11.98,29.67678209723734,35.22343616755536,-5.546654070318024,-5.202432712298608,-0.688442716038832,41.75050301810866,34.21706710853355,34.332128214854414,23.521417405006076,55.9535498345511,3150994.0,0.6532005739157728,0.6580263357029753,-0.031341107871720175,-0.024182076813655695
2020-03-23,-0.02,2.631,-26.213,0.829,1.575,26.58,12316611.0,-11.529999999999998,29.200354082277748,34.58318163470536,-5.382827552427614,-5.238511680324409,-0.288631744206409,48.396501457725954,32.00111018595616,39.30652519288166,28.7831200009646,60.35333557671578,-9496947.0,0.5025785885837084,0.6302702545504525,0.07110609480812635,-0.031341107871720175
2020-03-24,-0.02,2.631,-26.213,0.829,1.575,28.47,10530088.0,-3.950000000000003,29.08799191577348,34.13035336421059,-5.042361448437113,-5.19928163394695,0.31384037101967444,60.628195763330886,29.31995540691192,49.324917504474286,35.63038583546783,76.7139808424872,-21191605.0,0.5200197610204432,0.6002785455532915,0.067088162978574,0.07110609480812635
2020-03-25,-0.02,2.631,-26.213,0.829,1.575,30.38,14298415.0,-2.9299999999999997,29.286762390269864,33.85254941059188,-4.565787020322013,-5.072582711221963,1.0135913817999,60.25073746312684,33.62232457328636,59.709053992640776,43.656608554525484,91.81394486887136,-8874994.0,0.5235468707599555,0.544818961016274,-0.02304147465437789,0.067088162978574
2020-03-26,-0.02,2.631,-26.213,0.829,1.575,29.68,9100192.0,2.3900000000000006,29.347260484074503,33.543471675738196,-4.196211191663693,-4.897308407310309,1.402194431293232,85.56876061120542,34.614358153189215,64.40428579620762,50.572500968419526,92.06785545178381,1655094.0,0.7255994915688736,0.5831217843177883,-0.037735849056603765,-0.02304147465437789
2020-03-27,-0.02,2.631,-26.213,0.829,1.575,28.56,6815125.0,6.009999999999998,29.22614348652458,33.17432562486985,-3.9481821383452704,-4.707483153517301,1.518602030344061,69.54314720812181,35.671067106710666,62.967166266478806,54.70405606777262,79.49338666389117,-12643321.0,0.7604012380235862,0.5482451111070246,0.0031512605042016695,-0.037735849056603765
2020-03-30,-0.02,2.631,-26.213,0.829,1.575,28.65,7599729.0,2.8699999999999974,29.137506027059263,32.83919039271403,-3.701684365654767,-4.506323395944794,1.6092780605800545,61.99095022624432,35.6808803301238,59.41336037053525,56.273824168693494,65.69243277421876,-21743513.0,1.1132940606979076,0.6068392048370663,0.020593368237347365,0.0031512605042016695
2020-03-31,-0.027,1.68,-12.94,0.519,1.631,29.24,10334236.0,6.649999999999999,29.15327433058861,32.57258369645362,-3.4193093658650113,-4.288920589928838,1.739222448127654,53.65517241379308,46.64285714285714,56.596333138991675,56.381327158792885,57.02634509938926,-14928388.0,1.5135481490748441,0.6262158679760028,-0.07523939808481528,0.020593368237347365
2020-04-01,-0.027,1.68,-12.94,0.519,1.631,27.04,10678830.0,2.639999999999997,28.828155202805746,32.16276268118442,-3.334607478378672,-4.098057967618805,1.526900978480267,62.56983240223462,46.103896103896105,43.0829282501046,51.94852752256346,25.351729705186884,-7328659.0,1.2730739119022914,0.6801571622887762,0.036612426035502965,-0.07523939808481528
2020-04-02,-0.027,1.68,-12.94,0.519,1.631,28.03,8004024.0,0.5999999999999979,28.70536209468179,31.856632111711818,-3.151270017030029,-3.90870037750105,1.5148607209420417,52.70588235294118,48.20822331195775,39.21818495447348,47.7050799998668,22.244394863686836,-17662895.0,0.78204008196129,0.6631287734320804,-0.002140563681769625,0.036612426035502965
2020-04-03,-0.027,1.68,-12.94,0.519,1.631,27.97,8019449.0,-0.08999999999999986,28.592229464730742,31.56873343633832,-2.9765039716075776,-3.722261096322356,1.4915142494295566,47.10526315789475,59.40465918895599,32.60096191535035,42.67037397169465,12.46213780266173,-6984065.0,0.7296884654881013,0.6979626940370046,0.09188416160171609,-0.002140563681769625
2020-04-06,-0.027,1.68,-12.94,0.519,1.631,30.54,15026462.0,0.5299999999999976,28.89188647015678,31.492530959466674,-2.600644489309893,-3.4979377749198632,1.7945865712199405,29.043478260869577,55.37229029217718,43.65344176130835,42.99806323489921,44.96419881412662,-14988089.0,1.0839584474277566,0.7567461420213653,0.05861165684348402,0.09188416160171609
2020-04-07,-0.027,1.68,-12.94,0.519,1.631,32.33,7217244.0,3.960000000000001,29.42082701320958,31.554565703289665,-2.1337386900800865,-3.225097957951908,2.1827185357436427,55.64304461942257,71.24378109452735,51.22908387359206,45.74173678113016,62.203778058515866,-6968640.0,1.644077140160472,0.8232800900720475,0.0760903185895454,0.05861165684348402
2020-04-08,-0.027,1.68,-12.94,0.519,1.631,34.79,9891273.0,3.8599999999999994,30.24685362656195,31.79422750333139,-1.5473738767694378,-2.8895531417154143,2.684358529891953,72.73823884197827,66.57027183342971,66.3408616416994,52.60811173465324,93.80636145579173,8057822.0,1.531739678595434,0.7816342487257046,0.050876688703650474,0.0760903185895454
2020-04-09,-0.027,1.68,-12.94,0.519,1.631,36.56,7165515.0,4.41,31.21810691478319,32.14724768865906,-0.9291407738758686,-2.497470668147505,3.136659788543273,78.79924953095684,71.31189382337925,73.9235831442499,59.71326887118547,102.34421169037877,15275066.0,1.4482066958986197,0.8493439087959354,-0.03637855579868721,0.050876688703650474
2020-04-13,-0.027,1.68,-12.94,0.519,1.631,35.23,7342992.0,6.880000000000003,31.835321235585774,32.375599711954486,-0.5402784763687123,-2.1060322297917464,3.1315075068460683,80.91216216216216,71.4430894308943,74.87941012861596,64.76864929032897,95.10093180518993,25166339.0,2.6547323736909765,0.9567212891895649,0.003973885892705198,-0.03637855579868721
2020-04-14,-0.027,1.68,-12.94,0.519,1.631,35.37,7580189.0,6.669999999999998,32.37911796857258,32.59740714090828,-0.21828917233570166,-1.7284836183005374,3.0203888919296715,87.32907930720141,69.15887850467287,75.94813555861447,68.4951447130908,90.85411724966181,18000824.0,1.790115375558784,0.8606939118082383,-0.08877579869946284,0.003973885892705198
2020-04-15,-0.027,1.68,-12.94,0.519,1.631,32.23,6881425.0,6.719999999999999,32.35617674263834,32.57019179711347,-0.21401505447513358,-1.4255899055354566,2.423149702120646,86.26482213438729,72.4120346761856,66.98252372916765,67.99093771844974,64.96569575060346,25343816.0,1.2894801639510995,0.785203177832896,-0.018616196090598724,-0.08877579869946284
2020-04-16,-0.027,1.68,-12.94,0.519,1.631,31.63,6542022.0,2.9899999999999984,32.2444572437709,32.50054796023381,-0.25609071646290715,-1.1916900677209468,1.8711987025160792,66.13636363636361,59.01246404602109,58.25320703391537,64.74502749027162,45.26956612120287,17763627.0,0.9233167445721224,0.7817674597231468,0.05659184318684796,-0.018616196090598724
2020-04-17,-0.027,1.68,-12.94,0.519,1.631,33.42,7131729.0,4.59,32.42530997549846,32.568655518786116,-0.14334554328765847,-0.9820211628342891,1.6773512390932612,54.85307212822795,53.19693094629155,54.69307653393711,61.39437717149345,41.29047525882443,10882202.0,0.9957777857430428,0.7282914754587021,-0.0565529622980252,0.05659184318684796
2020-04-20,-0.027,1.68,-12.94,0.519,1.631,31.53,7311050.0,5.390000000000001,32.28756997926793,32.491718072896646,-0.20414809362871722,-0.8264465489931747,1.244596910728915,54.85307212822798,59.06007751937984,40.5993335802176,54.462695974401505,12.8726087918498,17424224.0,0.9017521201589678,0.7339491791814742,-0.020615287028227125,-0.0565529622980252
2020-04-21,-0.027,1.68,-12.94,0.519,1.631,30.88,5331005.0,3.5600000000000023,32.071020751688245,32.37233154890156,-0.30131079721331844,-0.7214193986372035,0.8402172028477701,34.709193245778636,56.93601120971509,32.238636179915176,47.05467604290607,2.6065564539333934,10292495.0,0.6194217403461315,0.6733264845266104,0.031088082901554515,-0.020615287028227125
2020-04-22,-0.027,1.68,-12.94,0.519,1.631,31.84,7721249.0,0.33999999999999986,32.03547909758236,32.33289958229277,-0.2974204847104076,-0.6366196158518443,0.6783982622828735,20.230607966457036,55.07510241238052,30.605724612554283,41.571692232788806,8.673789372085238,2981445.0,0.6055664227678786,0.7674457079786856,0.022613065326633208,0.031088082901554515
2020-04-23,-0.027,1.68,-12.94,0.519,1.631,32.56,4978403.0,-0.48999999999999844,32.11617462103123,32.349721835465544,-0.23354721443431714,-0.556005135568339,0.6449158422680437,31.515812431842992,55.81915846016115,33.43573130198655,38.85970525585472,22.58778339425021,8312450.0,1.0052834965521158,0.8560339867434247,0.017199017199017064,0.022613065326633208
2020-04-24,-0.027,1.68,-12.94,0.519,1.631,33.12,4885171.0,-2.229999999999997,32.27060929471873,32.40677947731205,-0.13617018259331815,-0.4720381449733348,0.6717359247600333,35.58974358974363,63.231064237775634,37.804671931820806,38.50802748117675,36.397960833108925,16033699.0,1.0192441384582784,0.970783501575513,0.03985507246376807,0.017199017199017064
2020-04-27,-0.027,1.68,-12.94,0.519,1.631,34.44,5865947.0,-3.440000000000005,32.604361710915846,32.55738840498979,0.046973305926059084,-0.368235854793456,0.8304183214390302,56.20641562064157,62.45717082721486,56.55270811714883,44.522921026500775,80.61228229844495,21012102.0,0.8831605305545284,1.1300324252000185,0.04152148664343791,0.03985507246376807
2020-04-28,-0.027,1.68,-12.94,0.519,1.631,35.87,6881614.0,-0.7899999999999991,33.10676760154418,32.80276704176466,0.30400055977951723,-0.23378857187886135,1.0755782633167572,67.80735107731304,64.91470723835869,69.41159739519713,52.81914648273289,102.59649922012562,25897273.0,1.2706826901195332,1.326493380720011,0.0446055199330917,0.04152148664343791
2020-04-29,-0.027,1.68,-12.94,0.519,1.631,37.47,10956766.0,0.5,33.77803412438354,33.14848800177411,0.6295461226094261,-0.06112163298120381,1.3813355111812597,66.26826029216465,62.96836982968369,77.167747338632,60.935346768032595,109.63254847983079,31763220.0,1.974444021937687,1.5226112043076112,-0.02081665332265814,0.0446055199330917
2020-04-30,-0.027,1.68,-12.94,0.519,1.631,36.69,8706999.0,5.240000000000002,34.226028874478374,33.4108222239634,0.8152066505149733,0.11414402371803167,1.4021252535938833,91.02209944751378,62.62278978388998,79.2688563524764,67.04651662951386,103.7135357984015,38644834.0,3.5335700299875388,1.4072216736403707,-0.07522485690923952,-0.02081665332265814
2020-05-01,-0.027,1.947,-14.996,0.602,1.631,33.93,8706999.0,5.059999999999999,34.18048597071247,33.44927983701652,0.7312061336959488,0.23755644571361514,0.9872993759646673,89.41655359565806,55.08565310492505,69.8077302877194,67.96692118224904,73.48934849866012,27688068.0,2.7374561012400425,1.1449463258283625,-0.07522485690923952,-0.07522485690923952
